<?xml version="1.0" encoding="UTF-8"?>
<project-private xmlns="http://www.netbeans.org/ns/project-private/1">
    <editor-bookmarks xmlns="http://www.netbeans.org/ns/editor-bookmarks/2" lastBookmarkId="0"/>
    <open-files xmlns="http://www.netbeans.org/ns/projectui-open-files/2">
        <group>
            <file>file:/C:/Users/Woensdag/Downloads/pingpongtoren-noPI-main%20(2)/pingpongtoren-noPI-main/main.c</file>
            <file>file:/C:/Users/Woensdag/Downloads/pingpongtoren-noPI-main%20(2)/pingpongtoren-noPI-main/led.c</file>
            <file>file:/C:/Users/Woensdag/Downloads/pingpongtoren-noPI-main%20(2)/pingpongtoren-noPI-main/PI.c</file>
            <file>file:/C:/Users/Woensdag/Downloads/pingpongtoren-noPI-main%20(2)/pingpongtoren-noPI-main/UART.c</file>
            <file>file:/C:/Users/Woensdag/Downloads/pingpongtoren-noPI-main%20(2)/pingpongtoren-noPI-main/UART.h</file>
            <file>file:/C:/Users/Woensdag/Downloads/pingpongtoren-noPI-main%20(2)/pingpongtoren-noPI-main/PI.h</file>
            <file>file:/C:/Users/Woensdag/Downloads/pingpongtoren-noPI-main%20(2)/pingpongtoren-noPI-main/mcc_generated_files/mcc.h</file>
            <file>file:/C:/Users/Woensdag/Downloads/pingpongtoren-noPI-main%20(2)/pingpongtoren-noPI-main/mcc_generated_files/eusart.c</file>
            <file>file:/C:/Users/Woensdag/Downloads/pingpongtoren-noPI-main%20(2)/pingpongtoren-noPI-main/mcc_generated_files/spi1.c</file>
        </group>
    </open-files>
</project-private>
